{"mean": [4.2778415841584145, 2.730445678594059, 42.12947951697832, 0.005876178015445548, -0.0005176654890891104, -0.004698228558534649, 68.81188118811882, -26.682356435643566, 0.017584158415841586], "var": [6.528899301637094, 3.385154479133295, 644.6056899277492, 0.045283500181384065, 0.022436720340834992, 0.2352222653237107, 633.8358984413293, 580.1236239521616, 0.0022052528183511425]}