{"mean": [3.8435056542810986, 2.691620266526656, 47.94292227280452, 0.020270306673182553, 0.003011686747948305, -0.007321230478675277, 69.41841680129241, -21.475444264943455, 0.02046849757673667], "var": [5.38764053752861, 3.1169176484955696, 770.3854624207714, 0.06737030923208173, 0.029238400062496603, 0.2959137184618386, 630.3564298036595, 606.8680991160373, 0.0020645624163210764]}