Time,Distance,Speed,Acceleration X,Acceleration Y,Acceleration Z,Speed Limit,Remaining Time,Deadline Time,Speed Difference,Speed Severity,Driver Behavior Prediction,Braking Prediction
1726701887.29,,0.0009916305,-0.00319264014,0.00408081571,-0.0150301913,80,,,0,0,unknown,unknown
1726701888.31,,0.000945186766,-0.00480461773,0.007248901,-0.00175806216,80,,,0,0,unknown,unknown
1726701889.29,,-0.008558747,-0.00005256607,0.010129462,0.0369687974,80,,,0,0,unknown,unknown
1726701890.29,,-0.00442307862,-0.00004656864,-0.00053124124,0.00984804,80,,,0,0,unknown,unknown
1726701891.32,,0.001924874,0.0000157127924,0.0005385036,-0.0026063344,80,,,0,0,unknown,unknown
1726701892.27,,-0.0005069899,-0.00000193282858,-0.000289305346,0.00382681657,80,,,0,0,unknown,unknown
